{
    "name": "YbCaF2",
    "spectral_unit": 1e-9,
    "reflectivity_unit": 1,
    "file_type": ".dat",
    "angles": [
        27,
        30,
        33
    ],
    "n2": 1.8349601449291884,
    "prop_constant": 5.849558099376237e-07,
    "slope": -911555.2021070186
}